 alt,temp,press,dens,Gamma
0,288.15,101325,1.225,1.400307
40,287.8900016,100845.3992,1.2203028,1.400307
80,287.6300065,100367.6443,1.215619449,1.400307
120,287.3700147,99891.7297,1.210949921,1.400307
160,287.1100262,99417.65001,1.206294186,1.400307
200,286.8500409,98945.39977,1.201652216,1.400307
240,286.5900589,98474.97354,1.197023982,1.400307
280,286.3300802,98006.3659,1.192409455,1.400307
320,286.0701047,97539.57141,1.187808608,1.400307
360,285.8101325,97074.58468,1.183221412,1.400307
400,285.5501636,96611.40032,1.178647838,1.400307
440,285.2901979,96150.01293,1.174087858,1.400307
480,285.0302356,95690.41716,1.169541445,1.400307
520,284.7702765,95232.60764,1.165008569,1.400307
560,284.5103206,94776.57902,1.160489202,1.400307
600,284.2503681,94322.32596,1.155983316,1.400307
640,283.9904188,93869.84313,1.151490884,1.400307
680,283.7304728,93419.12523,1.147011877,1.400307
720,283.47053,92970.16695,1.142546266,1.400307
760,283.2105905,92522.96299,1.138094024,1.400307
800,282.9506543,92077.50808,1.133655123,1.400307
840,282.6907214,91633.79694,1.129229535,1.400307
880,282.4307917,91191.82432,1.124817231,1.400307
920,282.1708653,90751.58496,1.120418184,1.400307
960,281.9109422,90313.07363,1.116032367,1.400307
1000,281.6510224,89876.2851,1.11165975,1.400307
1040,281.3911058,89441.21417,1.107300307,1.400307
1080,281.1311925,89007.85562,1.102954009,1.400307
1120,280.8712824,88576.20427,1.098620829,1.400307
1160,280.6113757,88146.25492,1.094300739,1.400307
1200,280.3514722,87718.00242,1.089993711,1.400307
1240,280.0915719,87291.44161,1.085699718,1.400307
1280,279.831675,86866.56733,1.081418732,1.40067
1320,279.5717813,86443.37444,1.077150726,1.40067
1360,279.3118909,86021.85783,1.072895671,1.40067
1400,279.0520037,85602.01237,1.068653541,1.40067
1440,278.7921198,85183.83297,1.064424308,1.40067
1480,278.5322392,84767.31453,1.060207945,1.40067
1520,278.2723619,84352.45196,1.056004423,1.40067
1560,278.0124878,83939.2402,1.051813716,1.40067
1600,277.752617,83527.67418,1.047635796,1.40067
1640,277.4927495,83117.74886,1.043470637,1.40067
1680,277.2328852,82709.4592,1.03931821,1.40067
1720,276.9730242,82302.80016,1.035178488,1.40067
1760,276.7131665,81897.76674,1.031051445,1.40067
1800,276.4533121,81494.35392,1.026937053,1.40067
1840,276.1934609,81092.55672,1.022835285,1.40067
1880,275.933613,80692.37014,1.018746113,1.40067
1920,275.6737683,80293.78922,1.014669511,1.40067
1960,275.413927,79896.80899,1.010605452,1.40067
2000,275.1540888,79501.42449,1.006553909,1.40067
2040,274.894254,79107.6308,1.002514854,1.40067
2080,274.6344224,78715.42297,0.998488261,1.40067
2120,274.3745941,78324.79609,0.994474102,1.40067
2160,274.1147691,77935.74524,0.990472352,1.40067
2200,273.8549473,77548.26554,0.986482983,1.40067
2240,273.5951289,77162.35209,0.982505968,1.40067
2280,273.3353136,76778.00002,0.97854128,1.40067
2320,273.0755017,76395.20445,0.974588893,1.40067
2360,272.815693,76013.96055,0.97064878,1.40067
2400,272.5558876,75634.26345,0.966720914,1.40067
2440,272.2960854,75256.10832,0.962805269,1.40067
2480,272.0362865,74879.49035,0.958901818,1.40067
2520,271.7764909,74504.40472,0.955010535,1.40067
2560,271.5166986,74130.84662,0.951131392,1.40067
2600,271.2569095,73758.81127,0.947264364,1.40067
2640,270.9971237,73388.29388,0.943409424,1.40067
2680,270.7373411,73019.28968,0.939566545,1.40067
2720,270.4775619,72651.79392,0.935735701,1.40067
2760,270.2177859,72285.80184,0.931916866,1.40067
2800,269.9580131,71921.3087,0.928110014,1.40067
2840,269.6982437,71558.30978,0.924315117,1.40067
2880,269.4384775,71196.80035,0.92053215,1.40067
2920,269.1787145,70836.77572,0.916761086,1.40067
2960,268.9189549,70478.23117,0.9130019,1.40067
3000,268.6591985,70121.16204,0.909254565,1.40067
3040,268.3994453,69765.56363,0.905519054,1.40067
3080,268.1396955,69411.43128,0.901795343,1.40067
3120,267.8799489,69058.76035,0.898083404,1.40067
3160,267.6202055,68707.54617,0.894383212,1.40067
3200,267.3604655,68357.78412,0.89069474,1.40067
3240,267.1007287,68009.46958,0.887017964,1.40067
3280,266.8409951,67662.59793,0.883352855,1.40067
3320,266.5812649,67317.16456,0.87969939,1.40067
3360,266.3215379,66973.16488,0.876057542,1.40067
3400,266.0618142,66630.59432,0.872427284,1.40067
3440,265.8020937,66289.44829,0.868808592,1.40067
3480,265.5423765,65949.72224,0.865201439,1.40067
3520,265.2826626,65611.4116,0.8616058,1.40067
3560,265.0229519,65274.51185,0.858021649,1.40067
3600,264.7632445,64939.01845,0.85444896,1.40067
3640,264.5035404,64604.92687,0.850887708,1.40067
3680,264.2438395,64272.23261,0.847337867,1.40067
3720,263.9841419,63940.93116,0.843799411,1.40067
3760,263.7244476,63611.01804,0.840272315,1.40067
3800,263.4647565,63282.48876,0.836756554,1.40067
3840,263.2050688,62955.33885,0.833252101,1.40067
3880,262.9453842,62629.56386,0.829758932,1.40067
3920,262.685703,62305.15932,0.82627702,1.40067
3960,262.426025,61982.12081,0.822806342,1.40067
4000,262.1663502,61660.44389,0.81934687,1.40067
4040,261.9066788,61340.12415,0.81589858,1.40067
4080,261.6470106,61021.15716,0.812461447,1.40067
4120,261.3873456,60703.53854,0.809035446,1.40067
4160,261.127684,60387.26389,0.80562055,1.40067
4200,260.8680256,60072.32883,0.802216735,1.40067
4240,260.6083704,59758.729,0.798823976,1.40067
4280,260.3487186,59446.46003,0.795442248,1.40067
4320,260.08907,59135.51757,0.792071525,1.40067
4360,259.8294246,58825.89729,0.788711783,1.400447
4400,259.5697825,58517.59486,0.785362996,1.400447
4440,259.3101437,58210.60594,0.78202514,1.400447
4480,259.0505082,57904.92625,0.778698189,1.400447
4520,258.7908759,57600.55147,0.775382118,1.400447
4560,258.5312469,57297.47731,0.772076903,1.400447
4600,258.2716211,56995.6995,0.768782519,1.400447
4640,258.0119987,56695.21377,0.765498941,1.400447
4680,257.7523794,56396.01585,0.762226144,1.400447
4720,257.4927635,56098.1015,0.758964104,1.400447
4760,257.2331508,55801.46647,0.755712795,1.400447
4800,256.9735414,55506.10653,0.752472193,1.400447
4840,256.7139352,55212.01747,0.749242273,1.400447
4880,256.4543323,54919.19507,0.746023011,1.400447
4920,256.1947327,54627.63513,0.742814382,1.400447
4960,255.9351363,54337.33347,0.739616361,1.400447
5000,255.6755432,54048.28588,0.736428925,1.400447
5040,255.4159534,53760.48822,0.733252047,1.400447
5080,255.1563668,53473.93631,0.730085705,1.400447
5120,254.8967835,53188.626,0.726929873,1.400447
5160,254.6372035,52904.55314,0.723784527,1.400447
5200,254.3776267,52621.71362,0.720649643,1.400447
5240,254.1180532,52340.1033,0.717525196,1.400447
5280,253.8584829,52059.71806,0.714411162,1.400447
5320,253.5989159,51780.55381,0.711307517,1.400447
5360,253.3393522,51502.60646,0.708214237,1.400447
5400,253.0797917,51225.8719,0.705131297,1.400447
5440,252.8202345,50950.34608,0.702058673,1.400447
5480,252.5606806,50676.02493,0.698996341,1.400447
5520,252.3011299,50402.90438,0.695944276,1.400447
5560,252.0415825,50130.9804,0.692902456,1.400447
5600,251.7820384,49860.24895,0.689870855,1.400447
5640,251.5224975,49590.706,0.68684945,1.400447
5680,251.2629599,49322.34753,0.683838216,1.400447
5720,251.0034256,49055.16953,0.68083713,1.400447
5760,250.7438945,48789.16801,0.677846169,1.400447
5800,250.4843666,48524.33898,0.674865307,1.400447
5840,250.2248421,48260.67846,0.671894521,1.400447
5880,249.9653208,47998.18248,0.668933787,1.400447
5920,249.7058027,47736.84707,0.665983082,1.400447
5960,249.446288,47476.66829,0.663042381,1.400447
6000,249.1867765,47217.6422,0.660111662,1.400447
6040,248.9272682,46959.76486,0.657190899,1.400447
6080,248.6677632,46703.03235,0.65428007,1.400447
6120,248.4082615,46447.44075,0.651379152,1.400447
6160,248.148763,46192.98617,0.648488119,1.400447
6200,247.8892679,45939.66471,0.64560695,1.400447
6240,247.6297759,45687.47249,0.642735619,1.400447
6280,247.3702872,45436.40562,0.639874104,1.400447
6320,247.1108018,45186.46024,0.637022382,1.400447
6360,246.8513197,44937.6325,0.634180429,1.400447
6400,246.5918408,44689.91854,0.63134822,1.400447
6440,246.3323652,44443.31453,0.628525734,1.400447
6480,246.0728928,44197.81665,0.625712947,1.400447
6520,245.8134237,43953.42106,0.622909835,1.400447
6560,245.5539579,43710.12395,0.620116375,1.400447
6600,245.2944953,43467.92154,0.617332544,1.400447
6640,245.035036,43226.81002,0.614558319,1.400447
6680,244.77558,42986.78561,0.611793676,1.400447
6720,244.5161272,42747.84454,0.609038592,1.400447
6760,244.2566776,42509.98304,0.606293045,1.400447
6800,243.9972314,42273.19736,0.603557011,1.400447
6840,243.7377884,42037.48376,0.600830467,1.400447
6880,243.4783486,41802.83849,0.59811339,1.400447
6920,243.2189122,41569.25782,0.595405757,1.400447
6960,242.9594789,41336.73804,0.592707545,1.400447
7000,242.700049,41105.27545,0.590018731,1.400447
7040,242.4406223,40874.86633,0.587339292,1.400447
7080,242.1811989,40645.50699,0.584669206,1.400447
7120,241.9217787,40417.19376,0.58200845,1.400447
7160,241.6623618,40189.92297,0.579357,1.400447
7200,241.4029481,39963.69093,0.576714834,1.400447
7240,241.1435377,39738.49401,0.574081929,1.400447
7280,240.8841306,39514.32856,0.571458264,1.400447
7320,240.6247267,39291.19093,0.568843813,1.400447
7360,240.3653261,39069.07751,0.566238557,1.400447
7400,240.1059288,38847.98466,0.563642471,1.400447
7440,239.8465347,38627.90879,0.561055533,1.401229
7480,239.5871439,38408.84628,0.55847772,1.401229
7520,239.3277563,38190.79356,0.555909011,1.401229
7560,239.068372,37973.74702,0.553349382,1.401229
7600,238.808991,37757.70311,0.550798811,1.401229
7640,238.5496132,37542.65825,0.548257276,1.401229
7680,238.2902386,37328.60889,0.545724754,1.401229
7720,238.0308674,37115.55148,0.543201223,1.401229
7760,237.7714994,36903.48248,0.54068666,1.401229
7800,237.5121346,36692.39836,0.538181044,1.401229
7840,237.2527732,36482.2956,0.535684352,1.401229
7880,236.9934149,36273.17069,0.533196562,1.401229
7920,236.73406,36065.02012,0.530717652,1.401229
7960,236.4747083,35857.8404,0.528247599,1.401229
8000,236.2153598,35651.62805,0.525786381,1.401229
8040,235.9560146,35446.37958,0.523333977,1.401229
8080,235.6966727,35242.09153,0.520890364,1.401229
8120,235.4373341,35038.76044,0.51845552,1.401229
8160,235.1779987,34836.38286,0.516029423,1.401229
8200,234.9186665,34634.95535,0.513612051,1.401229
8240,234.6593376,34434.47446,0.511203383,1.401229
8280,234.400012,34234.93679,0.508803396,1.401229
8320,234.1406896,34036.33891,0.506412068,1.401229
8360,233.8813705,33838.67741,0.504029378,1.401229
8400,233.6220547,33641.9489,0.501655303,1.401229
8440,233.3627421,33446.14999,0.499289823,1.401229
8480,233.1034328,33251.27729,0.496932915,1.401229
8520,232.8441267,33057.32743,0.494584557,1.401229
8560,232.5848239,32864.29706,0.492244729,1.401229
8600,232.3255243,32672.1828,0.489913407,1.401229
8640,232.066228,32480.98132,0.487590571,1.401229
8680,231.806935,32290.68929,0.485276199,1.401229
8720,231.5476452,32101.30335,0.482970269,1.401229
8760,231.2883587,31912.82021,0.48067276,1.401229
8800,231.0290755,31725.23654,0.478383651,1.401229
8840,230.7697955,31538.54904,0.476102919,1.401229
8880,230.5105187,31352.75442,0.473830544,1.401229
8920,230.2512452,31167.84939,0.471566504,1.401229
8960,229.991975,30983.83066,0.469310778,1.401229
9000,229.732708,30800.69498,0.467063344,1.401229
9040,229.4734443,30618.43907,0.464824181,1.401229
9080,229.2141839,30437.05969,0.462593267,1.401229
9120,228.9549267,30256.55359,0.460370583,1.401229
9160,228.6956728,30076.91753,0.458156105,1.401229
9200,228.4364221,29898.14828,0.455949813,1.401229
9240,228.1771747,29720.24264,0.453751687,1.401229
9280,227.9179305,29543.19738,0.451561704,1.401229
9320,227.6586896,29367.0093,0.449379844,1.401229
9360,227.399452,29191.67521,0.447206086,1.401229
9400,227.1402176,29017.19192,0.445040408,1.401229
9440,226.8809864,28843.55626,0.44288279,1.401229
9480,226.6217586,28670.76506,0.44073321,1.401229
9520,226.362534,28498.81514,0.438591648,1.401229
9560,226.1033126,28327.70337,0.436458083,1.401229
9600,225.8440945,28157.4266,0.434332494,1.401229
9640,225.5848797,27987.98169,0.43221486,1.401229
9680,225.3256681,27819.36551,0.430105161,1.401229
9720,225.0664597,27651.57495,0.428003374,1.401229
9760,224.8072547,27484.60689,0.425909481,1.401229
9800,224.5480529,27318.45822,0.423823459,1.401229
9840,224.2888543,27153.12587,0.421745289,1.401229
9880,224.029659,26988.60673,0.41967495,1.401229
9920,223.770467,26824.89772,0.417612421,1.401229
9960,223.5112782,26661.99579,0.415557681,1.401229
10000,223.2520926,26499.89786,0.41351071,1.401229
10040,222.9929104,26338.60089,0.411471487,1.401229
10080,222.7337314,26178.10182,0.409439992,1.401229
10120,222.4745556,26018.39763,0.407416205,1.401229
10160,222.2153831,25859.48527,0.405400104,1.401229
10200,221.9562139,25701.36172,0.40339167,1.401229
10240,221.6970479,25544.02398,0.401390883,1.401229
10280,221.4378851,25387.46904,0.399397721,1.401229
10320,221.1787257,25231.69391,0.397412164,1.401229
10360,220.9195694,25076.69558,0.395434193,1.401229
10400,220.6604165,24922.47108,0.393463787,1.401229
10440,220.4012668,24769.01744,0.391500925,1.401229
10480,220.1421203,24616.3317,0.389545588,1.401229
10520,219.8829771,24464.41088,0.387597756,1.401817
10560,219.6238372,24313.25206,0.385657408,1.401817
10600,219.3647005,24162.85227,0.383724523,1.401817
10640,219.1055671,24013.2086,0.381799083,1.401817
10680,218.8464369,23864.31812,0.379881067,1.401817
10720,218.58731,23716.1779,0.377970456,1.401817
10760,218.3281863,23568.78504,0.376067228,1.401817
10800,218.0690659,23422.13664,0.374171364,1.401817
10840,217.8099488,23276.2298,0.372282844,1.401817
10880,217.5508349,23131.06164,0.370401649,1.401817
10920,217.2917242,22986.62927,0.368527759,1.401817
10960,217.0326168,22842.92984,0.366661153,1.401817
11000,216.7735127,22699.96048,0.364801811,1.401817
11040,216.65,22557.7413,0.362722936,1.401817
11080,216.65,22416.39603,0.360450139,1.401817
11120,216.65,22275.93819,0.358191612,1.401817
11160,216.65,22136.36218,0.355947264,1.401817
11200,216.65,21997.66245,0.353717006,1.401817
11240,216.65,21859.83351,0.351500751,1.401817
11280,216.65,21722.86986,0.349298409,1.401817
11320,216.65,21586.76607,0.347109893,1.401817
11360,216.65,21451.51672,0.344935117,1.401817
11400,216.65,21317.11645,0.342773994,1.401817
11440,216.65,21183.55991,0.340626437,1.401817
11480,216.65,21050.84179,0.338492363,1.401817
11520,216.65,20918.95683,0.336371685,1.401817
11560,216.65,20787.89977,0.334264319,1.401817
11600,216.65,20657.66541,0.332170183,1.401817
11640,216.65,20528.24858,0.330089192,1.401817
11680,216.65,20399.64414,0.328021264,1.401817
11720,216.65,20271.84697,0.325966317,1.401817
11760,216.65,20144.852,0.323924269,1.401817
11800,216.65,20018.65419,0.32189504,1.401817
11840,216.65,19893.24851,0.319878547,1.401817
11880,216.65,19768.62999,0.317874712,1.401817
11920,216.65,19644.79367,0.315883454,1.401817
11960,216.65,19521.73465,0.313904695,1.401817
12000,216.65,19399.44802,0.311938357,1.401817
12040,216.65,19277.92893,0.309984359,1.401817
12080,216.65,19157.17255,0.308042627,1.401817
12120,216.65,19037.1741,0.306113081,1.401817
12160,216.65,18917.92879,0.304195646,1.401817
12200,216.65,18799.43189,0.302290245,1.401817
12240,216.65,18681.67871,0.300396802,1.401817
12280,216.65,18564.66455,0.298515244,1.401817
12320,216.65,18448.38478,0.296645493,1.401817
12360,216.65,18332.83478,0.294787478,1.401817
12400,216.65,18218.00995,0.292941123,1.401817
12440,216.65,18103.90573,0.291106355,1.401817
12480,216.65,17990.5176,0.289283102,1.401817
12520,216.65,17877.84105,0.287471291,1.401817
12560,216.65,17765.87161,0.285670849,1.401817
12600,216.65,17654.60483,0.283881707,1.401817
12640,216.65,17544.0363,0.282103792,1.401817
12680,216.65,17434.16161,0.280337034,1.401817
12720,216.65,17324.97642,0.278581363,1.401817
12760,216.65,17216.47638,0.276836709,1.401817
12800,216.65,17108.65718,0.275103003,1.401817
12840,216.65,17001.51455,0.273380176,1.401817
12880,216.65,16895.04423,0.271668159,1.401817
12920,216.65,16789.242,0.269966885,1.401817
12960,216.65,16684.10365,0.268276286,1.401817
13000,216.65,16579.62502,0.266596296,1.401817
13040,216.65,16475.80194,0.264926846,1.401817
13080,216.65,16372.6303,0.263267872,1.401817
13120,216.65,16270.10602,0.261619306,1.401817
13160,216.65,16168.225,0.259981085,1.401817
13200,216.65,16066.98322,0.258353142,1.401817
13240,216.65,15966.37665,0.256735413,1.401817
13280,216.65,15866.4013,0.255127834,1.401817
13320,216.65,15767.0532,0.253530341,1.401817
13360,216.65,15668.32841,0.25194287,1.401817
13400,216.65,15570.22301,0.250365359,1.401817
13440,216.65,15472.7331,0.248797746,1.401817
13480,216.65,15375.85482,0.247239967,1.401817
13520,216.65,15279.58433,0.245691961,1.401817
13560,216.65,15183.91779,0.244153667,1.401817
13600,216.65,15088.85142,0.242625023,1.401817
13640,216.65,14994.38145,0.241105969,1.401817
13680,216.65,14900.50411,0.239596444,1.401817
13720,216.65,14807.21569,0.238096389,1.401817
13760,216.65,14714.5125,0.236605745,1.401817
13800,216.65,14622.39083,0.235124451,1.401817
13840,216.65,14530.84706,0.23365245,1.401817
13880,216.65,14439.87753,0.232189682,1.401817
13920,216.65,14349.47864,0.23073609,1.401817
13960,216.65,14259.64681,0.229291616,1.401817
14000,216.65,14170.37846,0.227856203,1.401817
14040,216.65,14081.67007,0.226429794,1.401817
14080,216.65,13993.51811,0.225012332,1.401817
14120,216.65,13905.91908,0.223603761,1.401817
14160,216.65,13818.8695,0.222204025,1.401817
14200,216.65,13732.36593,0.220813069,1.401817
14240,216.65,13646.40493,0.219430838,1.401817
14280,216.65,13560.9831,0.218057275,1.401817
14320,216.65,13476.09703,0.216692328,1.401817
14360,216.65,13391.74338,0.215335942,1.401817
14400,216.65,13307.91879,0.213988064,1.401817
14440,216.65,13224.61993,0.212648638,1.401817
14480,216.65,13141.8435,0.211317614,1.401817
14520,216.65,13059.58623,0.209994937,1.401817
14560,216.65,12977.84484,0.208680556,1.401817
14600,216.65,12896.6161,0.207374417,1.401817
14640,216.65,12815.89678,0.206076471,1.401817
14680,216.65,12735.68368,0.204786664,1.401817
14720,216.65,12655.97362,0.203504946,1.401817
14760,216.65,12576.76345,0.202231265,1.401817
14800,216.65,12498.05001,0.200965573,1.401817
14840,216.65,12419.83019,0.199707817,1.401817
14880,216.65,12342.10089,0.198457949,1.401817
14920,216.65,12264.85903,0.197215919,1.401817
14960,216.65,12188.10153,0.195981677,1.401817
15000,216.65,12111.82536,0.194755175,1.401817
15040,216.65,12036.0275,0.193536364,1.401817
15080,216.65,11960.70494,0.192325196,1.401817
15120,216.65,11885.85468,0.191121622,1.401817
15160,216.65,11811.47378,0.189925596,1.401817
15200,216.65,11737.55926,0.188737068,1.401817
15240,216.65,11664.10822,0.187555994,1.401817
15280,216.65,11591.11773,0.186382324,1.401817
15320,216.65,11518.58489,0.185216014,1.401817
15360,216.65,11446.50685,0.184057017,1.401817
15400,216.65,11374.88073,0.182905287,1.401817
15440,216.65,11303.7037,0.181760778,1.401817
15480,216.65,11232.97294,0.180623444,1.401817
15520,216.65,11162.68564,0.179493242,1.401817
15560,216.65,11092.83902,0.178370125,1.401817
15600,216.65,11023.43031,0.17725405,1.401817
15640,216.65,10954.45676,0.176144972,1.401817
15680,216.65,10885.91563,0.175042848,1.401817
15720,216.65,10817.80421,0.173947633,1.401817
15760,216.65,10750.1198,0.172859284,1.401817
15800,216.65,10682.85972,0.171777759,1.401817
15840,216.65,10616.0213,0.170703013,1.401817
15880,216.65,10549.60189,0.169635006,1.401817
15920,216.65,10483.59886,0.168573693,1.401817
15960,216.65,10418.0096,0.167519034,1.401817
16000,216.65,10352.8315,0.166470986,1.401817
16040,216.65,10288.06199,0.165429508,1.401817
16080,216.65,10223.69849,0.164394559,1.401817
16120,216.65,10159.73846,0.163366098,1.401817
16160,216.65,10096.17937,0.162344083,1.401817
16200,216.65,10033.01869,0.161328475,1.401817
16240,216.65,9970.25392,0.160319233,1.401817
16280,216.65,9907.882577,0.159316317,1.401817
16320,216.65,9845.902189,0.158319687,1.401817
16360,216.65,9784.3103,0.157329305,1.401817
16400,216.65,9723.10447,0.15634513,1.401817
16440,216.65,9662.282275,0.155367124,1.401817
16480,216.65,9601.841305,0.154395248,1.401817
16520,216.65,9541.779166,0.153429464,1.401817
16560,216.65,9482.09348,0.152469733,1.401817
16600,216.65,9422.781881,0.151516017,1.401817
16640,216.65,9363.84202,0.150568278,1.401817
16680,216.65,9305.271563,0.14962648,1.401817
16720,216.65,9247.068191,0.148690584,1.401817
16760,216.65,9189.229598,0.147760554,1.401817
16800,216.65,9131.753492,0.146836352,1.401817
16840,216.65,9074.637599,0.145917942,1.401817
16880,216.65,9017.879655,0.145005289,1.401817
16920,216.65,8961.477414,0.144098354,1.401817
16960,216.65,8905.428641,0.143197104,1.401817
17000,216.65,8849.731118,0.142301501,1.401817
17040,216.65,8794.382637,0.141411512,1.401817
17080,216.65,8739.381009,0.140527099,1.401817
17120,216.65,8684.724054,0.139648228,1.401817
17160,216.65,8630.409609,0.138774866,1.401817
17200,216.65,8576.435523,0.137906975,1.401817
17240,216.65,8522.799659,0.137044524,1.401817
17280,216.65,8469.499893,0.136187477,1.401817
17320,216.65,8416.534115,0.1353358,1.401817
17360,216.65,8363.900228,0.13448946,1.401817
17400,216.65,8311.596148,0.133648423,1.401817
17440,216.65,8259.619805,0.132812657,1.401817
17480,216.65,8207.969141,0.131982127,1.401817
17520,216.65,8156.642111,0.131156801,1.401817
17560,216.65,8105.636683,0.130336646,1.401817
17600,216.65,8054.950839,0.12952163,1.401817
17640,216.65,8004.582571,0.128711721,1.401817
17680,216.65,7954.529887,0.127906886,1.401817
17720,216.65,7904.790804,0.127107093,1.401817
17760,216.65,7855.363355,0.126312312,1.401817
17800,216.65,7806.245582,0.125522511,1.401817
17840,216.65,7757.435542,0.124737657,1.401817
17880,216.65,7708.931303,0.123957721,1.401817
17920,216.65,7660.730945,0.123182671,1.401817
17960,216.65,7612.832561,0.122412477,1.401817
18000,216.65,7565.234255,0.121647108,1.401817
18040,216.65,7517.934143,0.120886533,1.401817
18080,216.65,7470.930354,0.120130724,1.401817
18120,216.65,7424.221027,0.11937965,1.401817
18160,216.65,7377.804314,0.11863328,1.401817
18200,216.65,7331.678379,0.117891587,1.401817
18240,216.65,7285.841395,0.117154539,1.401817
18280,216.65,7240.29155,0.116422109,1.401817
18320,216.65,7195.027042,0.115694267,1.401817
18360,216.65,7150.046078,0.114970984,1.401817
18400,216.65,7105.34688,0.114252232,1.401817
18440,216.65,7060.927679,0.113537982,1.401817
18480,216.65,7016.786717,0.112828206,1.401817
18520,216.65,6972.922249,0.112122876,1.401817
18560,216.65,6929.332539,0.111421964,1.401817
18600,216.65,6886.015862,0.110725443,1.401817
18640,216.65,6842.970505,0.110033284,1.401817
18680,216.65,6800.194765,0.109345461,1.401817
18720,216.65,6757.68695,0.108661945,1.401817
18760,216.65,6715.445379,0.107982711,1.401817
18800,216.65,6673.46838,0.107307731,1.401817
18840,216.65,6631.754293,0.106636979,1.401817
18880,216.65,6590.301469,0.105970428,1.401817
18920,216.65,6549.108267,0.105308051,1.401817
18960,216.65,6508.173059,0.104649823,1.401817
19000,216.65,6467.494225,0.103995718,1.401817
19040,216.65,6427.070156,0.103345709,1.401817
19080,216.65,6386.899255,0.10269977,1.401817
19120,216.65,6346.979931,0.102057877,1.401817
19160,216.65,6307.310607,0.101420004,1.401817
19200,216.65,6267.889714,0.100786126,1.401817
19240,216.65,6228.715692,0.100156218,1.401817
19280,216.65,6189.786994,0.099530254,1.401817
19320,216.65,6151.102078,0.09890821,1.401817
19360,216.65,6112.659417,0.098290061,1.401817
19400,216.65,6074.457489,0.097675784,1.401817
19440,216.65,6036.494784,0.097065353,1.401817
19480,216.65,5998.769802,0.096458744,1.401817
19520,216.65,5961.28105,0.095855934,1.401817
19560,216.65,5924.027046,0.095256899,1.401817
19600,216.65,5887.006318,0.094661615,1.401817
19640,216.65,5850.217402,0.094070058,1.401817
19680,216.65,5813.658843,0.093482205,1.401817
19720,216.65,5777.329197,0.092898034,1.401817
19760,216.65,5741.227026,0.09231752,1.401817
19800,216.65,5705.350905,0.09174064,1.401817
19840,216.65,5669.699414,0.091167373,1.401817
19880,216.65,5634.271145,0.090597695,1.401817
19920,216.65,5599.064697,0.090031584,1.401817
19960,216.65,5564.078678,0.089469018,1.401817
20000,216.65,5529.311706,0.088909973,1.401817
20040,216.65,5494.762406,0.088354429,1.401817
20080,216.6667702,5460.430146,0.087795579,1.401817
20120,216.7065185,5426.31785,0.087231101,1.401817
20160,216.7462662,5392.425281,0.086670362,1.401817
20200,216.7860135,5358.750982,0.086113337,1.401817
20240,216.8257602,5325.293505,0.085559999,1.401817
20280,216.8655064,5292.05141,0.085010325,1.401817
20320,216.9052522,5259.023271,0.084464288,1.401817
20360,216.9449974,5226.207669,0.083921864,1.401817
20400,216.9847422,5193.603194,0.083383029,1.401817
20440,217.0244864,5161.208449,0.082847758,1.401817
20480,217.0642302,5129.022042,0.082316027,1.401817
20520,217.1039734,5097.042594,0.081787812,1.401817
20560,217.1437162,5065.268734,0.081263089,1.401817
20600,217.1834584,5033.699101,0.080741833,1.401817
20640,217.2232002,5002.332343,0.080224023,1.401817
20680,217.2629414,4971.167116,0.079709633,1.401817
20720,217.3026822,4940.202087,0.079198641,1.401817
20760,217.3424224,4909.435931,0.078691023,1.401817
20800,217.3821622,4878.867333,0.078186758,1.401817
20840,217.4219015,4848.494985,0.077685821,1.401817
20880,217.4616402,4818.31759,0.077188191,1.401817
20920,217.5013785,4788.33386,0.076693845,1.401817
20960,217.5411163,4758.542513,0.07620276,1.401817
21000,217.5808535,4728.942278,0.075714915,1.401817
21040,217.6205903,4699.531893,0.075230287,1.401817
21080,217.6603266,4670.310102,0.074748855,1.401817
21120,217.7000623,4641.275661,0.074270596,1.401817
21160,217.7397976,4612.427332,0.07379549,1.401817
21200,217.7795324,4583.763887,0.073323515,1.401817
21240,217.8192667,4555.284103,0.07285465,1.401817
21280,217.8590004,4526.986771,0.072388874,1.401817
21320,217.8987337,4498.870685,0.071926165,1.401817
21360,217.9384665,4470.934649,0.071466503,1.401817
21400,217.9781988,4443.177477,0.071009867,1.401817
21440,218.0179306,4415.597987,0.070556238,1.401817
21480,218.0576619,4388.19501,0.070105593,1.401817
21520,218.0973927,4360.96738,0.069657914,1.401817
21560,218.1371229,4333.913943,0.06921318,1.401817
21600,218.1768527,4307.03355,0.068771371,1.401817
21640,218.216582,4280.325061,0.068332467,1.401817
21680,218.2563108,4253.787344,0.06789645,1.401817
21720,218.2960391,4227.419274,0.067463298,1.401817
21760,218.3357669,4201.219733,0.067032993,1.401817
21800,218.3754942,4175.187613,0.066605516,1.401817
21840,218.415221,4149.321811,0.066180847,1.401817
21880,218.4549473,4123.621233,0.065758967,1.401817
21920,218.4946731,4098.084792,0.065339858,1.401817
21960,218.5343984,4072.711407,0.064923501,1.401817
22000,218.5741233,4047.500006,0.064509877,1.401817
22040,218.6138476,4022.449525,0.064098968,1.401817
22080,218.6535714,3997.558905,0.063690755,1.401817
22120,218.6932947,3972.827094,0.06328522,1.401817
22160,218.7330175,3948.253051,0.062882346,1.401817
22200,218.7727398,3923.835736,0.062482114,1.401817
22240,218.8124616,3899.574122,0.062084506,1.401817
22280,218.852183,3875.467186,0.061689504,1.401817
22320,218.8919038,3851.513911,0.061297092,1.401817
22360,218.9316241,3827.713288,0.060907251,1.401817
22400,218.9713439,3804.064316,0.060519965,1.401817
22440,219.0110633,3780.566,0.060135215,1.401817
22480,219.0507821,3757.21735,0.059752986,1.401817
22520,219.0905004,3734.017384,0.059373259,1.401817
22560,219.1302183,3710.965128,0.058996018,1.401817
22600,219.1699356,3688.059612,0.058621247,1.401817
22640,219.2096525,3665.299874,0.058248928,1.401817
22680,219.2493688,3642.68496,0.057879046,1.401817
22720,219.2890846,3620.213918,0.057511583,1.401817
22760,219.3288,3597.885808,0.057146523,1.401817
22800,219.3685148,3575.699691,0.056783851,1.401817
22840,219.4082292,3553.654638,0.05642355,1.401817
22880,219.447943,3531.749725,0.056065604,1.401817
22920,219.4876564,3509.984035,0.055709998,1.401817
22960,219.5273692,3488.356655,0.055356715,1.401817
23000,219.5670816,3466.866681,0.05500574,1.401817
23040,219.6067935,3445.513213,0.054657058,1.401817
23080,219.6465048,3424.295358,0.054310652,1.401817
23120,219.6862157,3403.212229,0.053966509,1.401817
23160,219.725926,3382.262944,0.053624612,1.401817
23200,219.7656359,3361.446629,0.053284947,1.401817
23240,219.8053453,3340.762414,0.052947498,1.401817
23280,219.8450542,3320.209435,0.052612251,1.401817
23320,219.8847625,3299.786835,0.05227919,1.401817
23360,219.9244704,3279.493762,0.051948302,1.401817
23400,219.9641778,3259.329369,0.051619571,1.401817
23440,220.0038847,3239.292816,0.051292983,1.401229
23480,220.043591,3219.383269,0.050968524,1.401229
23520,220.0832969,3199.599897,0.05064618,1.401229
23560,220.1230023,3179.941877,0.050325935,1.401229
23600,220.1627072,3160.408392,0.050007777,1.401229
23640,220.2024116,3140.998627,0.049691691,1.401229
23680,220.2421155,3121.711777,0.049377663,1.401229
23720,220.2818189,3102.547039,0.04906568,1.401229
23760,220.3215218,3083.503617,0.048755727,1.401229
23800,220.3612242,3064.58072,0.048447792,1.401229
23840,220.4009261,3045.777561,0.04814186,1.401229
23880,220.4406275,3027.093362,0.047837919,1.401229
23920,220.4803284,3008.527345,0.047535954,1.401229
23960,220.5200288,2990.078742,0.047235953,1.401229
24000,220.5597287,2971.746788,0.046937903,1.401229
24040,220.5994281,2953.530722,0.04664179,1.401229
24080,220.639127,2935.42979,0.046347602,1.401229
24120,220.6788255,2917.443242,0.046055325,1.401229
24160,220.7185234,2899.570334,0.045764947,1.401229
24200,220.7582208,2881.810326,0.045476456,1.401229
24240,220.7979177,2864.162484,0.045189837,1.401229
24280,220.8376141,2846.626078,0.04490508,1.401229
24320,220.8773101,2829.200382,0.044622172,1.401229
24360,220.9170055,2811.884678,0.044341099,1.401229
24400,220.9567004,2794.678249,0.044061851,1.401229
24440,220.9963949,2777.580386,0.043784415,1.401229
24480,221.0360888,2760.590382,0.043508778,1.401229
24520,221.0757823,2743.707538,0.043234929,1.401229
24560,221.1154752,2726.931156,0.042962855,1.401229
24600,221.1551676,2710.260546,0.042692546,1.401229
24640,221.1948596,2693.695019,0.042423988,1.401229
24680,221.234551,2677.233894,0.042157171,1.401229
24720,221.274242,2660.876494,0.041892083,1.401229
24760,221.3139324,2644.622144,0.041628712,1.401229
24800,221.3536224,2628.470176,0.041367047,1.401229
24840,221.3933119,2612.419926,0.041107076,1.401229
24880,221.4330008,2596.470734,0.040848789,1.401229
24920,221.4726893,2580.621944,0.040592174,1.401229
24960,221.5123773,2564.872906,0.040337219,1.401229
25000,221.5520647,2549.222972,0.040083914,1.401229
25040,221.5917517,2533.671501,0.039832248,1.401229
25080,221.6314382,2518.217853,0.03958221,1.401229
25120,221.6711242,2502.861396,0.039333788,1.401229
25160,221.7108096,2487.601499,0.039086973,1.401229
25200,221.7504946,2472.437537,0.038841754,1.401229
25240,221.7901791,2457.368889,0.038598119,1.401229
25280,221.8298631,2442.394937,0.038356059,1.401229
25320,221.8695466,2427.51507,0.038115563,1.401229
25360,221.9092296,2412.728676,0.03787662,1.401229
25400,221.9489121,2398.035153,0.037639221,1.401229
25440,221.9885941,2383.433899,0.037403354,1.401229
25480,222.0282756,2368.924316,0.037169011,1.401229
25520,222.0679566,2354.505813,0.036936179,1.401229
25560,222.1076371,2340.1778,0.036704851,1.401229
25600,222.1473171,2325.939692,0.036475015,1.401229
25640,222.1869966,2311.790909,0.036246662,1.401229
25680,222.2266756,2297.730872,0.036019781,1.401229
25720,222.2663541,2283.759008,0.035794364,1.401229
25760,222.3060321,2269.874749,0.0355704,1.401229
25800,222.3457097,2256.077527,0.03534788,1.401229
25840,222.3853867,2242.366781,0.035126793,1.401229
25880,222.4250632,2228.741953,0.034907132,1.401229
25920,222.4647392,2215.202488,0.034688885,1.401229
25960,222.5044148,2201.747835,0.034472045,1.401229
26000,222.5440898,2188.377446,0.034256601,1.401229
26040,222.5837643,2175.090779,0.034042544,1.401229
26080,222.6234384,2161.887293,0.033829865,1.401229
26120,222.6631119,2148.766451,0.033618555,1.401229
26160,222.702785,2135.727722,0.033408605,1.401229
26200,222.7424575,2122.770574,0.033200005,1.401229
26240,222.7821296,2109.894484,0.032992748,1.401229
26280,222.8218011,2097.098927,0.032786823,1.401229
26320,222.8614722,2084.383386,0.032582223,1.401229
26360,222.9011427,2071.747345,0.032378938,1.401229
26400,222.9408128,2059.190292,0.032176959,1.401229
26440,222.9804824,2046.711718,0.031976279,1.401229
26480,223.0201514,2034.311119,0.031776888,1.401229
26520,223.05982,2021.987991,0.031578778,1.401229
26560,223.0994881,2009.741837,0.031381941,1.401229
26600,223.1391557,1997.572161,0.031186367,1.401229
26640,223.1788227,1985.478471,0.03099205,1.401229
26680,223.2184893,1973.460279,0.030798979,1.401229
26720,223.2581554,1961.517099,0.030607148,1.401229
26760,223.297821,1949.648448,0.030416548,1.401229
26800,223.3374861,1937.853849,0.030227171,1.401229
26840,223.3771507,1926.132823,0.030039008,1.401229
26880,223.4168148,1914.4849,0.029852052,1.401229
26920,223.4564784,1902.909609,0.029666295,1.401229
26960,223.4961415,1891.406483,0.029481729,1.401229
27000,223.5358041,1879.97506,0.029298345,1.401229
27040,223.5754662,1868.614879,0.029116137,1.401229
27080,223.6151278,1857.325481,0.028935097,1.401229
27120,223.6547889,1846.106414,0.028755216,1.401229
27160,223.6944495,1834.957226,0.028576487,1.401229
27200,223.7341097,1823.877468,0.028398903,1.401229
27240,223.7737693,1812.866695,0.028222455,1.401229
27280,223.8134284,1801.924465,0.028047137,1.401229
27320,223.853087,1791.050337,0.027872942,1.401229
27360,223.8927452,1780.243876,0.02769986,1.401229
27400,223.9324028,1769.504648,0.027527886,1.401229
27440,223.9720599,1758.832221,0.027357013,1.401229
27480,224.0117166,1748.226168,0.027187231,1.401229
27520,224.0513727,1737.686063,0.027018536,1.401229
27560,224.0910284,1727.211484,0.026850919,1.401229
27600,224.1306835,1716.802011,0.026684373,1.401229
27640,224.1703382,1706.457228,0.026518891,1.401229
27680,224.2099923,1696.176721,0.026354467,1.401229
27720,224.249646,1685.960077,0.026191093,1.401229
27760,224.2892992,1675.806888,0.026028762,1.401229
27800,224.3289518,1665.716749,0.025867468,1.401229
27840,224.368604,1655.689256,0.025707204,1.401229
27880,224.4082557,1645.724008,0.025547963,1.401229
27920,224.4479069,1635.820607,0.025389738,1.401229
27960,224.4875575,1625.978658,0.025232522,1.401229
28000,224.5272077,1616.197768,0.02507631,1.401229
28040,224.5668574,1606.477546,0.024921094,1.401229
28080,224.6065066,1596.817606,0.024766867,1.401229
28120,224.6461553,1587.217562,0.024613624,1.401229
28160,224.6858035,1577.677031,0.024461358,1.401229
28200,224.7254512,1568.195634,0.024310063,1.401229
28240,224.7650984,1558.772993,0.024159731,1.401229
28280,224.8047451,1549.408732,0.024010357,1.401229
28320,224.8443913,1540.102479,0.023861935,1.401229
28360,224.884037,1530.853865,0.023714458,1.401229
28400,224.9236822,1521.66252,0.02356792,1.401229
28440,224.9633269,1512.52808,0.023422315,1.401229
28480,225.0029712,1503.450183,0.023277637,1.401229
28520,225.0426149,1494.428466,0.023133879,1.401229
28560,225.0822581,1485.462573,0.022991036,1.401229
28600,225.1219008,1476.552148,0.022849102,1.401229
28640,225.1615431,1467.696836,0.022708071,1.401229
28680,225.2011848,1458.896287,0.022567936,1.401229
28720,225.2408261,1450.150152,0.022428693,1.401229
28760,225.2804668,1441.458084,0.022290334,1.401229
28800,225.3201071,1432.819739,0.022152855,1.401229
28840,225.3597468,1424.234775,0.02201625,1.401229
28880,225.3993861,1415.702852,0.021880512,1.401229
28920,225.4390248,1407.223632,0.021745636,1.401229
28960,225.4786631,1398.796781,0.021611618,1.401229
29000,225.5183008,1390.421965,0.02147845,1.401229
29040,225.5579381,1382.098852,0.021346127,1.401229
29080,225.5975749,1373.827115,0.021214644,1.401229
29120,225.6372112,1365.606426,0.021083996,1.401229
29160,225.6768469,1357.436461,0.020954177,1.401229
29200,225.7164822,1349.316897,0.020825181,1.401229
29240,225.756117,1341.247415,0.020697003,1.401229
29280,225.7957513,1333.227696,0.020569639,1.401229
29320,225.8353851,1325.257423,0.020443081,1.401229
29360,225.8750184,1317.336283,0.020317326,1.401229
29400,225.9146512,1309.463964,0.020192368,1.401229
29440,225.9542835,1301.640156,0.020068202,1.401229
29480,225.9939153,1293.864551,0.019944822,1.401229
29520,226.0335466,1286.136842,0.019822224,1.401229
29560,226.0731774,1278.456726,0.019700402,1.401229
29600,226.1128077,1270.823902,0.019579352,1.401229
29640,226.1524376,1263.238068,0.019459068,1.401229
29680,226.1920669,1255.698928,0.019339545,1.401229
29720,226.2316957,1248.206184,0.019220779,1.401229
29760,226.271324,1240.759543,0.019102764,1.401229
29800,226.3109519,1233.358713,0.018985495,1.401229
29840,226.3505792,1226.003402,0.018868969,1.401229
29880,226.3902061,1218.693324,0.018753179,1.401229
29920,226.4298324,1211.428191,0.018638121,1.401229
29960,226.4694583,1204.207719,0.018523791,1.401229
30000,226.5090836,1197.031624,0.018410183,1.401229
30040,226.5487085,1189.899626,0.018297293,1.401229
30080,226.5883328,1182.811446,0.018185116,1.401229
30120,226.6279567,1175.766806,0.018073648,1.401229
30160,226.6675801,1168.765431,0.017962883,1.401229
30200,226.7072029,1161.807047,0.017852818,1.401229
30240,226.7468253,1154.891382,0.017743448,1.401229
30280,226.7864472,1148.018166,0.017634769,1.401229
30320,226.8260686,1141.18713,0.017526775,1.401229
30360,226.8656895,1134.398009,0.017419462,1.401229
30400,226.9053099,1127.650536,0.017312826,1.401229
30440,226.9449297,1120.944449,0.017206863,1.401229
30480,226.9845491,1114.279487,0.017101568,1.401229
30520,227.024168,1107.655388,0.016996937,1.401229
30560,227.0637865,1101.071896,0.016892966,1.401229
30600,227.1034044,1094.528754,0.01678965,1.401229
30640,227.1430218,1088.025708,0.016686984,1.401229
30680,227.1826387,1081.562503,0.016584966,1.401229
30720,227.2222551,1075.138889,0.01648359,1.401229
30760,227.261871,1068.754615,0.016382853,1.401229
30800,227.3014865,1062.409434,0.01628275,1.401229
30840,227.3411014,1056.103099,0.016183277,1.401229
30880,227.3807158,1049.835365,0.01608443,1.401229
30920,227.4203298,1043.605988,0.015986205,1.401229
30960,227.4599432,1037.414727,0.015888598,1.401229
31000,227.4995562,1031.261342,0.015791605,1.401229
31040,227.5391686,1025.145593,0.015695223,1.401229
31080,227.5787806,1019.067244,0.015599446,1.401229
31120,227.618392,1013.026059,0.015504272,1.401229
31160,227.658003,1007.021804,0.015409695,1.401229
31200,227.6976135,1001.054246,0.015315714,1.401229
31240,227.7372234,995.1231551,0.015222322,1.401229
31280,227.7768329,989.2283003,0.015129518,1.401229
31320,227.8164419,983.3694543,0.015037296,1.401229
31360,227.8560504,977.5463903,0.014945654,1.401229
31400,227.8956584,971.7588833,0.014854587,1.401229
31440,227.9352659,966.0067096,0.014764091,1.401229
31480,227.9748728,960.2896468,0.014674164,1.401229
31520,228.0144793,954.6074744,0.014584801,1.401229
31560,228.0540854,948.9599729,0.014495999,1.401229
31600,228.0936909,943.3469243,0.014407753,1.401229
31640,228.1332959,937.7681122,0.014320062,1.401229
31680,228.1729004,932.2233215,0.01423292,1.401229
31720,228.2125044,926.7123383,0.014146324,1.401229
31760,228.2521079,921.2349504,0.014060272,1.401229
31800,228.291711,915.7909467,0.013974758,1.401229
31840,228.3313135,910.3801177,0.013889781,1.401229
31880,228.3709155,905.002255,0.013805336,1.401229
31920,228.4105171,899.6571518,0.013721419,1.401229
31960,228.4501181,894.3446026,0.013638029,1.401229
32000,228.4897187,889.064403,0.01355516,1.401229
32040,228.5293187,883.81635,0.013472811,1.401229
32080,228.5689183,878.6002422,0.013390976,1.401229
32120,228.6085173,873.4158792,0.013309654,1.401229
32160,228.6481159,868.2630619,0.013228841,1.401229
32200,228.7555991,863.1423324,0.013144643,1.401229
32240,228.8664723,858.0543064,0.013060828,1.401229
32280,228.9773441,852.9987788,0.012977588,1.401229
32320,229.0882145,847.9755261,0.012894921,1.401229
32360,229.1990836,842.9843262,0.01281282,1.401229
32400,229.3099512,838.0249591,0.012731282,1.401229
32440,229.4208175,833.097206,0.012650304,1.401229
32480,229.5316824,828.20085,0.01256988,1.401229
32520,229.6425458,823.3356756,0.012490007,1.401229
32560,229.7534079,818.501469,0.012410681,1.401229
32600,229.8642687,813.6980179,0.012331897,1.401229
32640,229.975128,808.9251116,0.012253652,1.401229
32680,230.0859859,804.1825409,0.012175942,1.401229
32720,230.1968425,799.4700982,0.012098763,1.401229
32760,230.3076976,794.7875774,0.012022111,1.401229
32800,230.4185514,790.1347738,0.011945981,1.401229
32840,230.5294038,785.5114845,0.011870372,1.401229
32880,230.6402548,780.9175077,0.011795277,1.401229
32920,230.7511044,776.3526434,0.011720695,1.401229
32960,230.8619526,771.8166929,0.01164662,1.401229
33000,230.9727994,767.3094589,0.01157305,1.401229
33040,231.0836449,762.8307456,0.01149998,1.401229
33080,231.1944889,758.3803588,0.011427407,1.401229
33120,231.3053316,753.9581055,0.011355328,1.401229
33160,231.4161729,749.5637941,0.011283738,1.401229
33200,231.5270128,745.1972345,0.011212635,1.401229
33240,231.6378513,740.858238,0.011142014,1.401229
33280,231.7486884,736.5466173,0.011071872,1.401229
33320,231.8595241,732.2621863,0.011002206,1.401229
33360,231.9703585,728.0047603,0.010933012,1.401229
33400,232.0811914,723.7741561,0.010864287,1.401229
33440,232.192023,719.5701917,0.010796027,1.401229
33480,232.3028532,715.3926865,0.010728229,1.401229
33520,232.413682,711.241461,0.01066089,1.401229
33560,232.5245094,707.1163373,0.010594006,1.401229
33600,232.6353354,703.0171387,0.010527575,1.401229
33640,232.74616,698.9436896,0.010461592,1.401229
33680,232.8569832,694.8958159,0.010396054,1.401229
33720,232.9678051,690.8733446,0.010330959,1.401229
33760,233.0786256,686.8761042,0.010266303,1.401229
33800,233.1894447,682.903924,0.010202082,1.401229
33840,233.3002623,678.9566351,0.010138295,1.401229
33880,233.4110786,675.0340692,0.010074937,1.401229
33920,233.5218936,671.1360598,0.010012005,1.401229
33960,233.6327071,667.2624413,0.009949497,1.401229
34000,233.7435192,663.4130493,0.00988741,1.401229
34040,233.85433,659.5877206,0.00982574,1.401229
34080,233.9651394,655.7862932,0.009764484,1.401229
34120,234.0759474,652.0086063,0.009703639,1.401229
34160,234.1867539,648.2545002,0.009643203,1.401229
34200,234.2975592,644.5238165,0.009583173,1.401229
34240,234.408363,640.8163977,0.009523544,1.401229
34280,234.5191654,637.1320876,0.009464316,1.401229
34320,234.6299665,633.4707311,0.009405485,1.401229
34360,234.7407661,629.8321742,0.009347047,1.401229
34400,234.8515644,626.2162639,0.009289,1.401229
34440,234.9623613,622.6228485,0.009231342,1.401229
34480,235.0731568,619.0517773,0.00917407,1.401229
34520,235.1839509,615.5029006,0.00911718,1.401229
34560,235.2947436,611.9760699,0.00906067,1.401229
34600,235.405535,608.4711377,0.009004538,1.401229
34640,235.5163249,604.9879576,0.00894878,1.401229
34680,235.6271135,601.5263842,0.008893394,1.401229
34720,235.7379007,598.0862731,0.008838377,1.401229
34760,235.8486865,594.6674811,0.008783727,1.401229
34800,235.9594709,591.2698658,0.008729441,1.401229
34840,236.0702539,587.893286,0.008675516,1.401229
34880,236.1810355,584.5376014,0.008621951,1.401229
34920,236.2918158,581.2026728,0.008568741,1.401229
34960,236.4025946,577.8883619,0.008515885,1.401229
35000,236.5133721,574.5945314,0.008463381,1.401229
35040,236.6241482,571.3210451,0.008411225,1.401229
35080,236.7349229,568.0677676,0.008359416,1.401229
35120,236.8456962,564.8345646,0.00830795,1.401229
35160,236.9564681,561.6213026,0.008256825,1.401229
35200,237.0672387,558.4278493,0.00820604,1.401229
35240,237.1780078,555.254073,0.008155591,1.401229
35280,237.2887756,552.0998433,0.008105476,1.401229
35320,237.399542,548.9650305,0.008055693,1.401229
35360,237.510307,545.8495058,0.008006239,1.401229
35400,237.6210706,542.7531414,0.007957112,1.401229
35440,237.7318328,539.6758105,0.007908311,1.401229
35480,237.8425936,536.617387,0.007859831,1.401229
35520,237.9533531,533.5777458,0.007811672,1.401229
35560,238.0641112,530.5567628,0.00776383,1.401229
35600,238.1748678,527.5543145,0.007716304,1.401229
35640,238.2856231,524.5702785,0.007669092,1.401229
35680,238.396377,521.6045332,0.007622191,1.401229
35720,238.5071296,518.6569578,0.007575598,1.401229
35760,238.6178807,515.7274325,0.007529313,1.401229
35800,238.7286304,512.8158382,0.007483332,1.401229
35840,238.8393788,509.9220567,0.007437654,1.401229
35880,238.9501258,507.0459707,0.007392276,1.401229
35920,239.0608714,504.1874636,0.007347196,1.401229
35960,239.1716156,501.3464197,0.007302413,1.401229
36000,239.2823584,498.5227241,0.007257923,1.401229
36040,239.3930998,495.7162627,0.007213726,1.401229
36080,239.5038399,492.9269223,0.007169818,1.401229
36120,239.6145785,490.1545903,0.007126199,1.401229
36160,239.7253158,487.399155,0.007082865,1.401229
36200,239.8360517,484.6605056,0.007039815,1.401229
36240,239.9467862,481.938532,0.006997047,1.401229
36280,240.0575193,479.2331246,0.006954559,1.400447
36320,240.1682511,476.5441751,0.006912349,1.400447
36360,240.2789814,473.8715754,0.006870415,1.400447
36400,240.3897104,471.2152187,0.006828755,1.400447
36440,240.5004379,468.5749985,0.006787367,1.400447
36480,240.6111641,465.9508093,0.006746249,1.400447
36520,240.7218889,463.3425463,0.0067054,1.400447
36560,240.8326124,460.7501053,0.006664817,1.400447
36600,240.9433344,458.173383,0.006624499,1.400447
36640,241.054055,455.6122768,0.006584444,1.400447
36680,241.1647743,453.0666847,0.006544649,1.400447
36720,241.2754922,450.5365055,0.006505113,1.400447
36760,241.3862087,448.0216387,0.006465835,1.400447
36800,241.4969238,445.5219845,0.006426813,1.400447
36840,241.6076375,443.0374438,0.006388044,1.400447
36880,241.7183498,440.5679182,0.006349527,1.400447
36920,241.8290608,438.1133099,0.00631126,1.400447
36960,241.9397703,435.6735219,0.006273241,1.400447
37000,242.0504785,433.2484579,0.00623547,1.400447
37040,242.1611853,430.8380221,0.006197943,1.400447
37080,242.2718907,428.4421194,0.00616066,1.400447
37120,242.3825948,426.0606556,0.006123618,1.400447
37160,242.4932974,423.693537,0.006086816,1.400447
37200,242.6039987,421.3406703,0.006050253,1.400447
37240,242.7146985,419.0019633,0.006013926,1.400447
37280,242.825397,416.6773241,0.005977834,1.400447
37320,242.9360941,414.3666617,0.005941976,1.400447
37360,243.0467898,412.0698854,0.005906349,1.400447
37400,243.1574842,409.7869055,0.005870952,1.400447
37440,243.2681771,407.5176327,0.005835784,1.400447
37480,243.3788687,405.2619783,0.005800843,1.400447
37520,243.4895588,403.0198543,0.005766127,1.400447
37560,243.6002476,400.7911733,0.005731635,1.400447
37600,243.710935,398.5758486,0.005697365,1.400447
37640,243.8216211,396.3737938,0.005663316,1.400447
37680,243.9323057,394.1849234,0.005629487,1.400447
37720,244.0429889,392.0091524,0.005595875,1.400447
37760,244.1536708,389.8463963,0.005562479,1.400447
37800,244.2643513,387.6965714,0.005529298,1.400447
37840,244.3750304,385.5595942,0.00549633,1.400447
37880,244.4857081,383.4353821,0.005463574,1.400447
37920,244.5963844,381.3238531,0.005431028,1.400447
37960,244.7070594,379.2249255,0.005398691,1.400447
38000,244.8177329,377.1385183,0.005366562,1.400447
38040,244.9284051,375.0645511,0.005334638,1.400447
38080,245.0390759,373.0029441,0.005302919,1.400447
38120,245.1497453,370.9536178,0.005271404,1.400447
38160,245.2604133,368.9164935,0.00524009,1.400447
38200,245.3710799,366.8914929,0.005208976,1.400447
38240,245.4817452,364.8785384,0.005178062,1.400447
38280,245.5924091,362.8775528,0.005147345,1.400447
38320,245.7030716,360.8884593,0.005116824,1.400447
38360,245.8137327,358.9111819,0.005086499,1.400447
38400,245.9243924,356.9456451,0.005056367,1.400447
38440,246.0350507,354.9917736,0.005026427,1.400447
38480,246.1457076,353.0494929,0.004996679,1.400447
38520,246.2563632,351.118729,0.00496712,1.400447
38560,246.3670174,349.1994084,0.004937749,1.400447
38600,246.4776702,347.2914579,0.004908566,1.400447
38640,246.5883216,345.3948051,0.004879568,1.400447
38680,246.6989716,343.5093778,0.004850755,1.400447
38720,246.8096202,341.6351046,0.004822125,1.400447
38760,246.9202675,339.7719143,0.004793678,1.400447
38800,247.0309134,337.9197364,0.004765411,1.400447
38840,247.1415579,336.0785008,0.004737324,1.400447
38880,247.252201,334.2481378,0.004709415,1.400447
38920,247.3628427,332.4285782,0.004681683,1.400447
38960,247.473483,330.6197535,0.004654127,1.400447
39000,247.584122,328.8215954,0.004626746,1.400447
39040,247.6947595,327.0340362,0.004599538,1.400447
39080,247.8053957,325.2570085,0.004572503,1.400447
39120,247.9160305,323.4904455,0.004545639,1.400447
39160,248.026664,321.7342809,0.004518945,1.400447
39200,248.137296,319.9884488,0.00449242,1.400447
39240,248.2479266,318.2528836,0.004466063,1.400447
39280,248.3585559,316.5275204,0.004439872,1.400447
39320,248.4691838,314.8122944,0.004413847,1.400447
39360,248.5798103,313.1071417,0.004387986,1.400447
39400,248.6904354,311.4119985,0.004362288,1.400447
39440,248.8010591,309.7268014,0.004336753,1.400447
39480,248.9116815,308.0514877,0.004311378,1.400447
39520,249.0223024,306.3859949,0.004286164,1.400447
39560,249.132922,304.730261,0.004261108,1.400447
39600,249.2435402,303.0842243,0.00423621,1.400447
39640,249.354157,301.4478238,0.004211469,1.400447
39680,249.4647725,299.8209987,0.004186884,1.400447
39720,249.5753865,298.2036886,0.004162453,1.400447
39760,249.6859992,296.5958336,0.004138176,1.400447
39800,249.7966105,294.9973742,0.004114051,1.400447
39840,249.9072203,293.4082512,0.004090078,1.400447
39880,250.0178289,291.8284058,0.004066256,1.400447
39920,250.128436,290.2577798,0.004042583,1.400447
39960,250.2390417,288.6963152,0.004019058,1.400447
40000,250.3496461,287.1439544,0.003995681,1.400447
40040,250.4602491,285.6006403,0.00397245,1.400447
40080,250.5708507,284.066316,0.003949365,1.400447
40120,250.6814509,282.5409252,0.003926425,1.400447
40160,250.7920497,281.0244119,0.003903628,1.400447
40200,250.9026472,279.5167204,0.003880973,1.400447
40240,251.0132432,278.0177955,0.003858461,1.400447
40280,251.1238379,276.5275821,0.003836088,1.400447
40320,251.2344312,275.0460259,0.003813856,1.400447
40360,251.3450231,273.5730726,0.003791763,1.400447
40400,251.4556137,272.1086684,0.003769807,1.400447
40440,251.5662028,270.6527599,0.003747989,1.400447
40480,251.6767906,269.2052939,0.003726306,1.400447
40520,251.787377,267.7662179,0.003704759,1.400447
40560,251.897962,266.3354793,0.003683346,1.400447
40600,252.0085456,264.9130262,0.003662066,1.400447
40640,252.1191278,263.4988068,0.003640918,1.400447
40680,252.2297087,262.0927699,0.003619903,1.400447
40720,252.3402881,260.6948644,0.003599018,1.400447
40760,252.4508662,259.3050398,0.003578262,1.400447
40800,252.5614429,257.9232456,0.003557636,1.400447
40840,252.6720182,256.5494319,0.003537138,1.400447
40880,252.7825922,255.183549,0.003516767,1.400447
40920,252.8931647,253.8255478,0.003496523,1.400447
40960,253.0037359,252.475379,0.003476404,1.400447
41000,253.1143057,251.1329942,0.003456409,1.400447
41040,253.2248741,249.7983449,0.003436539,1.400447
41080,253.3354411,248.4713832,0.003416792,1.400447
41120,253.4460068,247.1520614,0.003397167,1.400447
41160,253.556571,245.840332,0.003377663,1.400447
41200,253.6671339,244.536148,0.00335828,1.400447
41240,253.7776954,243.2394628,0.003339017,1.400447
41280,253.8882555,241.9502297,0.003319873,1.400447
41320,253.9988142,240.6684027,0.003300848,1.400447
41360,254.1093716,239.393936,0.003281939,1.400447
41400,254.2199276,238.1267841,0.003263148,1.400447
41440,254.3304821,236.8669017,0.003244472,1.400447
41480,254.4410353,235.6142439,0.003225912,1.400447
41520,254.5515872,234.368766,0.003207466,1.400447
41560,254.6621376,233.1304239,0.003189133,1.400447
41600,254.7726866,231.8991733,0.003170914,1.400447
41640,254.8832343,230.6749707,0.003152806,1.400447
41680,254.9937806,229.4577724,0.00313481,1.400447
41720,255.1043255,228.2475354,0.003116925,1.400447
41760,255.214869,227.0442168,0.00309915,1.400447
41800,255.3254112,225.847774,0.003081484,1.400447
41840,255.4359519,224.6581646,0.003063926,1.400447
41880,255.5464913,223.4753467,0.003046476,1.400447
41920,255.6570293,222.2992784,0.003029134,1.400447
41960,255.7675659,221.1299182,0.003011897,1.400447
